agid,active,posi.x,posi.y,size,view,mov,condition,spd.x,spd.y,interact_with
0,1,2.61857,0.364864,0.05,0.005,0.175,0,-0.00037975,0.00078875,-1,
1,1,2.69159,0.402009,0.05,0.005,0.175,0,-0.0015265,-6.12506e-05,-1,
2,1,2.17446,0.383284,0.05,0.005,0.175,0,0.00131825,0.00118075,-1,
